t,token_usage,kv_available,kv_evictable,evicted_total
1784268075,0.0,321612.0,2.0,0
1784268076,0.0,321612.0,2.0,0
1784268077,0.0,321612.0,2.0,0
1784268078,0.0,321612.0,2.0,0
1784268079,0.0,321612.0,2.0,0
1784268080,0.03,313226.0,2.0,0
1784268081,0.03,312758.0,2.0,0
1784268082,0.03,311798.0,2.0,0
1784268083,0.03,311318.0,2.0,0
1784268084,0.05,305308.0,2.0,0
1784268085,0.06,301342.0,467.0,0
1784268086,0.07,296922.0,745.0,0
1784268087,0.08,295162.0,1058.0,0
1784268088,0.1,288511.0,1628.0,0
1784268089,0.1,287726.0,1767.0,0
1784268090,0.11,283305.0,3580.0,0
1784268091,0.11,281886.0,3888.0,0
1784268092,0.13,274578.0,6560.0,0
1784268093,0.13,271604.0,7798.0,0
1784268094,0.14,266025.0,9411.0,0
1784268095,0.15,262698.0,11697.0,0
1784268096,0.15,257731.0,16003.0,0
1784268097,0.16,252424.0,16947.0,0
1784268098,0.18,245709.0,17551.0,0
1784268099,0.19,241192.0,19248.0,0
1784268100,0.19,238610.0,20658.0,0
1784268102,0.19,234020.0,25559.0,0
1784268103,0.21,228138.0,27208.0,0
1784268104,0.22,223560.0,27670.0,0
1784268105,0.23,219833.0,28558.0,0
1784268106,0.22,216590.0,34648.0,0
1784268107,0.22,214320.0,36470.0,0
1784268108,0.24,206867.0,38493.0,0
1784268109,0.26,201161.0,38098.0,0
1784268110,0.26,195732.0,42825.0,0
1784268111,0.25,192367.0,47578.0,0
1784268112,0.27,185038.0,48993.0,0
1784268113,0.28,182302.0,49995.0,0
1784268114,0.27,179257.0,55598.0,0
1784268115,0.28,175261.0,56597.0,0
1784268116,0.29,169375.0,59810.0,0
1784268117,0.28,165686.0,66880.0,0
1784268118,0.28,163512.0,69097.0,0
1784268119,0.26,159134.0,78557.0,0
1784268120,0.27,154488.0,81248.0,0
1784268121,0.27,149620.0,85981.0,0
1784268122,0.28,146040.0,85930.0,0
1784268123,0.28,143768.0,87704.0,0
1784268124,0.29,140741.0,88830.0,0
1784268125,0.25,137644.0,102742.0,0
1784268126,0.25,134316.0,106986.0,0
1784268127,0.24,130489.0,112870.0,0
1784268128,0.25,127626.0,113540.0,0
1784268129,0.24,125065.0,118651.0,0
1784268130,0.24,121930.0,121617.0,0
1784268131,0.24,119801.0,126227.0,0
1784268132,0.24,118138.0,126476.0,0
1784268133,0.22,116399.0,134074.0,0
1784268134,0.23,113444.0,135482.0,0
1784268135,0.25,109859.0,131189.0,0
1784268136,0.25,108637.0,131321.0,0
1784268137,0.26,106061.0,132516.0,0
1784268138,0.26,103647.0,135874.0,0
1784268139,0.26,101740.0,137821.0,0
1784268140,0.25,100098.0,141331.0,0
1784268141,0.25,96133.0,143757.0,0
1784268143,0.26,94351.0,144275.0,0
1784268144,0.27,90793.0,142898.0,0
1784268145,0.27,89720.0,145225.0,0
1784268146,0.27,88498.0,146740.0,0
1784268147,0.26,86037.0,152482.0,0
1784268148,0.25,83631.0,157431.0,0
1784268149,0.25,81943.0,158424.0,0
1784268150,0.24,80659.0,162630.0,0
1784268151,0.25,76878.0,163518.0,0
1784268152,0.25,74489.0,168325.0,0
1784268153,0.25,72559.0,169410.0,0
1784268154,0.21,71607.0,183130.0,0
1784268155,0.21,70755.0,183220.0,0
1784268156,0.21,68127.0,186656.0,0
1784268157,0.21,66826.0,187330.0,0
1784268158,0.21,66232.0,187386.0,0
1784268159,0.19,65300.0,196053.0,0
1784268160,0.17,64938.0,201809.0,0
1784268161,0.17,62072.0,203888.0,0
1784268162,0.18,61138.0,204010.0,0
1784268163,0.18,60418.0,204010.0,0
1784268164,0.18,57683.0,206370.0,0
1784268165,0.18,55488.0,208172.0,0
1784268166,0.18,52972.0,209161.0,0
1784268167,0.19,52252.0,209161.0,0
1784268168,0.19,51892.0,209161.0,0
1784268169,0.19,51172.0,209161.0,0
1784268170,0.15,50863.0,223353.0,0
1784268171,0.13,49289.0,230803.0,0
1784268172,0.13,49049.0,230803.0,0
1784268173,0.13,47293.0,231346.0,0
1784268174,0.11,46652.0,240410.0,0
1784268175,0.11,46252.0,240410.0,0
1784268176,0.11,46052.0,240410.0,0
1784268178,0.11,44425.0,241609.0,0
1784268179,0.11,44025.0,241609.0,0
1784268180,0.11,43825.0,241609.0,0
1784268181,0.12,42393.0,241449.0,0
1784268182,0.12,40028.0,242413.0,0
1784268183,0.07,39542.0,259919.0,0
1784268184,0.07,39262.0,259919.0,0
1784268185,0.07,38503.0,260092.0,0
1784268186,0.07,37555.0,260454.0,0
1784268187,0.07,36711.0,260879.0,0
1784268188,0.08,35930.0,261006.0,0
1784268189,0.08,35097.0,261528.0,0
1784268190,0.08,32763.0,261644.0,0
1784268191,0.09,31023.0,262830.0,0
1784268192,0.09,29554.0,264406.0,0
1784268193,0.09,28711.0,264484.0,0
1784268194,0.09,28333.0,264484.0,0
1784268195,0.09,27853.0,264484.0,0
1784268196,0.09,27613.0,264484.0,0
1784268197,0.07,27204.0,273325.0,0
1784268198,0.05,26899.0,278112.0,0
1784268199,0.05,23764.0,280906.0,0
1784268200,0.05,23581.0,280906.0,0
1784268201,0.06,22168.0,281598.0,0
1784268202,0.06,21415.0,281760.0,0
1784268203,0.06,20921.0,281842.0,0
1784268204,0.06,20681.0,281842.0,0
1784268206,0.06,20441.0,281842.0,0
1784268207,0.04,20234.0,288890.0,0
1784268208,0.04,20154.0,288890.0,0
1784268209,0.04,19994.0,288890.0,0
1784268210,0.04,19290.0,289428.0,0
1784268211,0.04,18743.0,289499.0,0
1784268212,0.03,18650.0,291882.0,0
1784268213,0.03,18570.0,291882.0,0
1784268214,0.03,18490.0,291882.0,0
1784268215,0.04,18410.0,291882.0,0
1784268216,0.04,18330.0,291882.0,0
1784268217,0.04,18290.0,291882.0,0
1784268218,0.04,18210.0,291882.0,0
1784268219,0.04,17514.0,292491.0,0
1784268220,0.04,16966.0,292564.0,0
1784268221,0.04,16926.0,292564.0,0
1784268222,0.04,16261.0,292691.0,0
1784268223,0.04,16221.0,292691.0,0
1784268224,0.04,16141.0,292691.0,0
1784268225,0.04,16061.0,292691.0,0
1784268226,0.04,15981.0,292691.0,0
1784268227,0.04,15901.0,292691.0,0
1784268228,0.04,15861.0,292691.0,0
1784268229,0.04,15196.0,293235.0,0
1784268230,0.04,15127.0,293235.0,0
1784268231,0.04,14669.0,293353.0,0
1784268232,0.04,14629.0,293353.0,0
1784268233,0.04,14549.0,293353.0,0
1784268234,0.04,14469.0,293353.0,0
1784268235,0.04,14389.0,293353.0,0
1784268236,0.04,13866.0,293753.0,0
1784268238,0.04,13560.0,293804.0,0
1784268239,0.04,13480.0,293804.0,0
1784268240,0.04,13400.0,293804.0,0
1784268241,0.05,13074.0,294018.0,0
1784268242,0.05,12994.0,294018.0,0
1784268243,0.05,12723.0,294206.0,0
1784268244,0.05,12654.0,294206.0,0
1784268245,0.05,12369.0,294373.0,0
1784268246,0.05,12295.0,294373.0,0
1784268247,0.05,12215.0,294373.0,0
1784268248,0.05,11940.0,294573.0,0
1784268249,0.05,11860.0,294573.0,0
1784268250,0.05,11274.0,294689.0,0
1784268251,0.05,11194.0,294689.0,0
1784268252,0.05,11154.0,294689.0,0
1784268253,0.05,11074.0,294689.0,0
1784268254,0.05,10994.0,294689.0,0
1784268255,0.05,10914.0,294689.0,0
1784268256,0.05,10834.0,294689.0,0
1784268257,0.05,10794.0,294689.0,0
1784268258,0.05,10085.0,295311.0,0
1784268259,0.05,10005.0,295311.0,0
1784268260,0.05,9474.0,295413.0,0
1784268261,0.05,9354.0,295413.0,0
1784268262,0.05,9314.0,295413.0,0
1784268263,0.05,9234.0,295413.0,0
1784268265,0.05,9154.0,295413.0,0
1784268266,0.05,9074.0,295413.0,0
1784268267,0.05,9034.0,295413.0,0
1784268268,0.05,8387.0,295972.0,0
1784268269,0.06,7870.0,296048.0,0
1784268270,0.06,7790.0,296048.0,0
1784268271,0.06,7750.0,296048.0,0
1784268272,0.06,7670.0,296048.0,0
1784268273,0.06,7590.0,296048.0,0
1784268274,0.06,7510.0,296048.0,0
1784268275,0.06,7430.0,296048.0,0
1784268276,0.06,7390.0,296048.0,0
1784268277,0.06,6441.0,296636.0,0
1784268278,0.06,6374.0,296636.0,0
1784268279,0.06,6011.0,296721.0,0
1784268280,0.06,5931.0,296721.0,0
1784268281,0.06,5851.0,296721.0,0
1784268282,0.06,5771.0,296721.0,0
1784268283,0.06,5691.0,296721.0,0
1784268284,0.06,5651.0,296721.0,0
1784268285,0.06,5571.0,296721.0,0
1784268286,0.06,5491.0,296721.0,0
1784268287,0.06,5411.0,296721.0,0
1784268288,0.06,5371.0,296721.0,0
1784268289,0.06,4548.0,297433.0,0
1784268290,0.06,4248.0,297520.0,0
1784268291,0.06,4168.0,297520.0,0
1784268292,0.06,4128.0,297520.0,0
1784268293,0.06,4048.0,297520.0,0
1784268294,0.06,4008.0,297520.0,0
1784268295,0.06,4008.0,297520.0,0
1784268296,0.06,4008.0,297520.0,0
1784268297,0.06,4008.0,297520.0,0
1784268298,0.06,4008.0,297520.0,0
1784268299,0.0,3973.0,317641.0,0
1784268301,0.0,3973.0,317641.0,0
1784268302,0.0,3973.0,317641.0,0
1784268303,0.0,3973.0,317641.0,0
1784268304,0.0,3973.0,317641.0,0
1784268305,0.0,3973.0,317641.0,0
